0.1313,-3.2872,-3.4811,-0.4445,3.2413,3.4701,3.0894,3.3886,0.0404,-3.4867,-3.4856,-0.3257,-3.6203,-0.5832,3.2647,3.2939,0.1547,-3.3506,0.0
0.1067,-3.2952,-3.4246,-0.4157,3.2296,3.4027,3.1196,3.3403,0.0785,-3.2163,-3.5585,-0.3604,-3.6209,-0.3593,3.3017,3.5408,0.0996,-3.4235,0.0
0.306,-6.7693,-7.2301,-0.6532,6.7784,7.1702,6.6385,7.1681,0.3447,-6.7671,-7.3659,-0.8243,-7.2931,-0.7617,6.8056,7.1946,0.4944,-6.7664,0.0
0.2413,-1.069,-0.3949,-0.3949,3.1653,3.4808,3.1187,3.6788,-3.3051,-3.3051,-3.597,-0.4207,-3.6655,-2.8567,3.4607,3.4607,0.2479,-3.3466,0.0
0.0511,-2.2129,-2.3486,-0.2962,2.2135,2.3249,2.0905,2.2832,0.0091,-2.3626,-2.3937,-0.274,-2.453,-0.2781,2.1598,2.3367,0.0785,-2.3019,0.0
0.7943,-7.923,-9.0139,-0.8977,7.675,8.6145,7.7721,8.5849,7.3212,-7.8157,-8.6102,-1.0562,-8.7165,-1.1151,1.5585,8.4087,0.8186,-7.7897,0.0
0.0894,-1.4108,-1.5638,-0.2976,1.216,1.5039,1.3291,1.5378,0.0997,-1.3842,-1.5977,-0.2772,-1.604,-0.2509,1.4139,1.4308,-0.1483,-1.4854,0.0
0.1823,-3.403,-3.6385,-0.498,3.2027,3.4782,3.2781,3.3817,0.1412,-3.4355,-3.6075,-0.3804,-3.6996,-0.4142,3.406,3.5337,0.1418,-3.369,0.0
-0.0143,-1.4393,-1.5896,-0.242,1.3741,1.5778,1.2375,1.4419,-0.0235,-1.5353,-1.5536,-0.2083,-1.6921,-0.2336,1.338,1.4553,-0.0495,-1.4643,0.0
0.2178,-3.3127,-3.5457,-0.2987,3.2882,3.4915,3.1432,3.4381,0.1502,-3.289,-3.5237,-0.4454,-3.5258,-0.4219,3.2293,3.4434,0.1387,-3.2385,0.0
0.119,-0.8562,-0.2234,-0.2234,1.3549,1.4808,1.2501,1.6451,-1.3869,-1.3869,-1.4925,-0.2867,-1.6095,-0.8883,1.4811,1.4811,0.1017,-1.417,0.0
0.4487,-6.1804,-6.5364,-0.4208,5.9316,6.4668,5.8475,6.3928,0.2832,-6.0747,-6.6577,-0.6599,-6.5866,-0.5011,6.0322,6.5419,0.288,-6.0091,0.0
0.5971,-8.7408,-9.3886,-0.7911,8.6489,9.2268,8.2305,9.184,0.7067,-8.5068,-9.4113,-0.915,-9.4166,-0.724,8.5525,9.1278,0.5897,-8.8543,0.0
0.1284,-3.3337,-3.5747,-0.4268,3.1913,3.4061,3.1536,3.4094,0.067,-3.2906,-3.5719,-0.4668,-3.5439,-0.3518,3.1752,3.5145,0.2169,-3.3193,0.0
0.0055,-3.2007,-3.611,-0.2974,3.1825,3.5228,3.1098,3.5151,0.2255,-3.3044,-3.571,-0.3986,-3.5538,-0.4446,3.1581,3.4842,0.2344,-3.2482,0.0
0.6568,-3.2718,-0.7419,-0.7419,8.3099,9.1121,8.282,9.691,-8.5688,-8.5688,-9.3436,-0.7731,-9.2238,-6.6807,9.2176,9.2176,0.6985,-8.5321,0.0
0.0721,-3.3048,-3.5112,-0.3084,3.2187,3.429,3.1002,3.3982,0.1799,-3.2758,-3.5496,-0.4108,-3.659,-0.3604,3.2788,3.5016,0.191,-3.262,0.0
0.6767,-8.9094,-9.5981,-0.6699,8.7601,9.4654,8.5374,9.5113,0.6115,-9.0189,-9.6622,-0.9511,-9.5988,-0.9496,8.9031,9.5004,0.5886,-8.8112,0.0
0.2244,-0.1989,-0.3882,-0.3882,3.2015,3.4975,3.1603,3.3767,-3.3168,-3.3168,-3.5826,-0.3904,-3.6262,-3.4408,3.472,3.472,0.1764,-3.3333,0.0
0.1379,-3.9926,-4.3281,-0.3022,3.9416,4.2685,3.9588,4.2106,0.2123,-3.9933,-4.231,-0.4337,-4.2951,-0.4236,3.7425,4.1994,0.296,-4.0496,0.0
0.2889,-7.1777,-7.7382,-0.5472,7.0552,7.491,7.0344,7.4847,0.5374,-7.115,-7.7523,-0.7888,-7.5411,-0.7125,6.8871,7.521,0.375,-7.1351,0.0
0.1072,-2.5693,-2.8047,-0.3431,2.5554,2.7372,2.4358,2.7325,0.1065,-2.6949,-2.8062,-0.392,-2.8686,-0.2774,2.5407,2.746,0.0948,-2.7772,0.0
0.1598,-3.3035,-3.5509,-0.2761,3.18,3.4872,3.1557,3.4165,0.0409,-3.329,-3.5943,-0.3559,-3.64,-0.4419,3.1961,3.4662,0.0379,-3.3478,0.0
0.39,-5.2092,-5.581,-0.4848,4.9998,5.4204,5.0493,5.2823,0.3104,-5.1055,-5.5392,-0.3876,-5.5483,-0.4578,5.0133,5.462,0.2443,-5.2122,0.0
0.4112,-5.3129,-5.6519,-0.5501,5.3649,5.658,5.2027,5.5504,0.2467,-5.405,-5.7877,-0.6743,-5.7943,-0.4972,5.2909,5.7285,0.1676,-5.3304,0.0
0.3043,-9.0065,-9.5282,-0.7928,8.6671,9.5499,8.8642,9.3581,0.553,-8.8752,-9.6509,-1.1024,-9.5789,-0.6836,8.8976,9.4076,0.6736,-8.9033,0.0
0.2832,-5.1691,-5.5787,-0.4346,5.0133,5.4813,4.9359,5.4726,0.2086,-5.2047,-5.6661,-0.6091,-5.5433,-0.515,5.0921,5.3802,0.3918,-5.0881,0.0
0.1428,-3.2509,-3.5771,-0.5393,3.19,3.4356,3.2444,3.4458,0.1532,-3.2159,-3.3777,-0.3294,-3.6134,-0.3515,3.1161,3.2871,-0.0491,-3.45,0.0
0.0197,-1.506,-1.7355,-0.265,1.3863,1.6275,1.4211,1.5981,-0.042,-1.6332,-1.7949,-0.3292,-1.6908,-0.2526,1.3419,1.594,0.015,-1.5566,0.0
0.048,-1.7704,-1.866,-0.2896,1.6803,1.7469,1.5781,1.8229,0.1341,-1.6646,-1.8366,-0.3265,-1.9941,-0.2749,1.7468,1.7784,0.0339,-1.8304,0.0
-0.3083,-4.1459,-4.7657,-0.6847,-0.2298,-0.29,4.6985,4.7724,0.5499,-3.8707,-2.0244,1.8095,-4.9113,-0.912,3.81,4.4695,2.1069,-1.815,1.0
-0.3953,-4.1955,-4.752,-0.687,-0.2001,-0.1924,4.9984,4.6998,0.46,-4.1776,-1.96,1.9239,-5.018,-0.9636,4.0341,4.4681,2.0875,-1.9319,1.0
-0.306,-4.1924,-4.7216,-0.5377,-0.311,-0.2009,5.0377,4.9453,0.2922,-3.9675,-2.0428,2.0173,-5.0922,-0.8836,4.2696,4.4562,1.9688,-1.9336,1.0
-0.2299,-1.9202,-2.1564,-0.343,-0.2302,-0.3173,2.2466,2.1286,0.1273,-1.7276,-0.8287,0.8721,-2.1924,-0.5103,1.6871,2.0249,0.9327,-0.8487,1.0
-0.3721,-10.5649,-12.1483,-1.7984,-0.0369,-0.0581,13.3432,12.4,1.2453,-10.6936,-5.4999,5.1224,-13.372,-2.4241,10.6991,12.0333,5.7717,-5.1364,1.0
-0.436,-6.1888,-6.7694,-0.8995,-0.2036,-0.1011,7.1686,7.07,0.7508,-5.851,-2.888,2.8272,-7.4578,-0.9074,5.8867,6.4292,2.9721,-2.845,1.0
-0.3264,-6.8334,-7.4028,-0.9116,-0.2505,-0.0647,7.837,7.4969,0.7557,-6.3781,-3.3547,3.1279,-7.9182,-1.0527,6.3892,6.9869,3.3187,-3.0618,1.0
-0.3266,-1.8317,-2.1905,-0.3258,-0.199,-0.2995,2.2303,2.1718,0.0057,-1.7437,-0.8063,0.8613,-2.1724,-0.3464,1.7209,2.084,0.915,-0.8256,1.0
-0.345,-11.2669,-12.8167,-1.4559,-0.0957,0.0213,13.6423,12.9892,1.3131,-11.0464,-5.8057,5.4842,-13.7376,-2.1726,10.9075,12.1202,6.0745,-5.4012,1.0
-0.522,-5.7189,-6.4761,-0.8887,-0.1492,-0.1462,7.2664,6.676,0.7523,-5.7425,-3.0474,2.9867,-7.0185,-1.0808,5.7716,6.3712,3.0757,-2.9402,1.0
-0.6185,-10.1189,-11.8876,-1.457,-0.0831,-0.0966,13.0347,11.9035,1.4537,-10.326,-4.8964,4.6519,-13.032,-2.2212,10.0732,11.525,4.9599,-4.6612,1.0
-0.2877,-0.6862,-2.2589,-2.2589,-0.1794,-0.1073,14.4931,14.5214,-9.8992,-9.8992,-6.064,6.6318,-14.5801,-14.1457,11.9906,11.9906,6.1709,-6.5821,1.0
-0.2485,-2.5322,-2.7885,-0.423,-0.2905,-0.2527,2.7417,2.6659,0.1292,-2.353,-1.079,1.1268,-2.7321,-0.4755,2.2326,2.5521,1.057,-0.9802,1.0
-0.3286,-7.4963,-8.2637,-1.0072,-0.1854,-0.1513,8.7411,8.575,0.9587,-6.8992,-3.6365,3.4747,-9.0251,-1.3688,6.8837,7.6471,3.818,-3.4414,1.0
-0.3597,-8.0256,-8.8867,-1.1579,-0.1638,-0.0633,9.2778,8.7948,0.8908,-7.4733,-3.9287,3.8848,-9.3533,-1.1957,7.4655,8.378,4.0905,-3.8156,1.0
-0.3879,-1.9519,-2.1694,-0.3479,-0.1842,-0.2264,2.2089,2.0304,0.1086,-1.7499,-0.7497,0.9262,-2.2144,-0.5551,1.807,2.0749,0.9133,-0.7512,1.0
-0.2493,-6.2996,-7.1398,-1.0913,-0.2092,-0.1982,8.3956,7.9786,7.3832,-5.8974,-3.2405,3.3633,-8.3912,-1.882,-0.4487,6.8147,3.344,-3.293,1.0
-0.4047,-11.1843,-12.8556,-1.3233,-0.0914,-0.0898,13.5946,13.0662,1.9867,-11.0569,-5.9209,5.5752,-13.7358,-2.4023,10.7812,12.1416,6.1442,-5.7533,1.0
-0.6237,-8.4547,-9.4917,-1.2362,-0.0606,0.0314,10.8378,9.8361,1.2639,-8.4156,-4.2595,4.668,-10.5902,-1.6382,8.3573,9.491,4.4067,-4.4473,1.0
-0.3069,-6.676,-7.43,-0.8658,-0.2539,-0.1513,7.7897,7.7332,0.9586,-6.3237,-3.2465,3.2133,-8.0062,-1.4033,6.3162,6.947,3.3158,-3.1217,1.0
-0.5074,-6.4037,-7.3671,-1.0615,-0.072,-0.0708,8.0497,7.2694,0.9757,-6.442,-3.2785,3.4346,-7.8404,-1.0704,6.18,6.9424,3.4307,-3.2889,1.0
-0.2954,-7.829,-8.6574,-1.0294,-0.2112,-0.1471,9.3513,9.2185,1.1012,-7.2948,-3.9601,3.6956,-9.5918,-1.5684,7.4994,8.2602,4.0514,-3.6883,1.0
-0.3218,-8.0111,-8.8135,-1.1067,-0.246,-0.1078,9.3913,8.9721,0.9745,-7.5994,-4.0102,3.7664,-9.4264,-1.3642,7.7275,8.3735,4.0603,-3.7527,1.0
-0.53,-11.4247,-12.4458,-1.9296,-0.0475,-0.1203,13.6601,12.782,0.9994,-10.9219,-5.6029,5.4489,-13.7809,-1.8071,11.2703,12.2927,5.8775,-5.6335,1.0
-0.324,-11.1559,-12.0738,-1.5985,-0.1368,-0.1087,13.0473,12.6307,1.4779,-10.3076,-5.2991,5.1469,-13.2991,-1.9007,10.4887,11.5397,5.5279,-5.2246,1.0
-0.5757,-5.2149,-5.573,-0.6566,-0.1833,-0.1032,6.077,5.6786,0.7403,-5.0925,-2.6148,2.8009,-5.9314,-0.7056,4.7458,5.4635,2.5854,-2.7226,1.0
-0.3119,-4.1325,-4.575,-0.7559,-0.2022,-0.2487,5.2641,5.0691,4.7484,-3.6458,-1.9774,2.0251,-5.3856,-1.0579,-0.3178,4.0923,2.0434,-2.068,1.0
-0.3367,-7.6753,-8.752,-0.8832,-0.1483,-0.1511,9.3046,9.0266,0.7409,-7.4709,-3.7481,3.7003,-9.3457,-1.6764,7.6812,8.3457,3.9163,-3.8039,1.0
-0.314,-4.9721,-5.3775,-0.7174,-0.2353,-0.2236,5.8189,5.4872,0.434,-4.7349,-2.4356,2.3019,-5.6519,-0.9063,4.7342,5.1852,2.467,-2.3368,1.0
-0.4368,-5.2495,-5.9715,-0.8765,-0.2278,-0.1517,6.2154,5.9866,0.4912,-5.1814,-2.7051,2.3144,-6.4327,-1.0418,5.1811,5.7428,2.7899,-2.3071,1.0
0.2445,-0.0584,-0.0921,0.0363,1.7757,2.0507,1.5327,0.8304,0.2977,-2.4718,-2.3443,-0.4529,-1.9987,-0.9201,-0.4981,2.3172,0.2863,-1.7744,2.0
0.2463,-0.0162,-0.0234,-0.0234,1.6742,1.9297,1.4094,1.5202,-2.3857,-2.3857,-2.1922,-0.4713,-1.9645,-1.6684,2.1751,2.1751,0.3647,-1.7105,2.0
0.3388,-0.0001,0.0597,0.0476,3.52,3.7535,3.156,1.656,-1.6565,-4.422,-4.4281,-0.6207,-3.7443,-1.902,1.4417,4.2409,0.5886,-3.3667,2.0
0.5733,-0.0545,0.0808,0.3167,4.1037,4.6644,3.7966,1.9576,-2.2087,-5.2139,-4.7814,-0.7796,-4.78,-2.3683,2.1012,4.6951,0.5612,-4.0517,2.0
0.3273,0.0264,0.0468,0.2556,4.1428,4.6196,3.9597,2.0356,-2.1522,-5.0417,-4.9219,-0.5889,-4.6563,-2.3739,1.8558,4.8759,0.5172,-4.2828,2.0
0.8842,-0.0398,-0.0426,0.1703,6.4336,7.2754,6.1185,3.1489,-3.2718,-7.8886,-7.7542,-0.9138,-7.2606,-3.5377,3.0518,7.5794,0.9084,-6.6496,2.0
0.2121,0.1072,0.1205,0.099,1.7556,2.0708,1.6292,0.8472,-1.0423,-2.355,-2.2375,-0.2978,-2.163,-1.0368,0.8059,1.9266,0.0913,-1.9103,2.0
0.3283,0.0655,0.0875,0.1551,2.5011,2.8147,2.2538,1.1724,-1.2686,-3.0187,-2.9076,-0.5094,-2.8292,-1.3837,1.0589,2.7317,0.178,-2.4384,2.0
2.0202,-0.1354,-0.1235,-0.1235,8.8217,11.3921,8.2777,8.3011,-13.0752,-13.0752,-12.9179,-2.8628,-10.6596,-8.4329,13.0613,13.0613,3.8999,-8.787,2.0
0.8652,-0.1255,-0.0017,0.2014,7.8811,8.6507,7.1675,3.8689,-3.8548,-9.2521,-8.9698,-1.3079,-8.5551,-4.3439,3.6889,8.9171,0.961,-7.7664,2.0
0.7702,0.0274,-0.0218,-0.0872,7.8128,8.3803,7.1174,3.918,-3.7933,-9.6699,-9.273,-1.2787,-8.1857,-4.0973,3.6917,9.2511,1.22,-7.6609,2.0
0.217,0.0098,0.0927,0.025,2.4513,2.7762,2.29,1.1042,-1.2996,-3.1462,-3.0917,-0.4778,-2.7104,-1.329,1.1479,2.9117,0.3202,-2.6648,2.0
0.918,-0.052,-0.0769,0.21,6.1678,7.1946,5.9447,3.1841,-3.1871,-7.9241,-7.4853,-1.1154,-7.3301,-3.4932,2.8873,7.4638,1.0937,-6.4381,2.0
1.6496,-0.0967,-0.1608,0.4278,10.3803,12.068,10.0932,5.5589,-5.7173,-13.5399,-12.3612,-2.0336,-11.9264,-5.6346,5.3649,12.9481,1.8041,-10.512,2.0
1.5935,-0.2526,-0.0619,0.3279,10.5945,12.014,10.4093,5.671,-5.5465,-13.7087,-12.4971,-1.4952,-12.1543,-6.2057,5.4134,13.1757,1.7122,-11.008,2.0
0.673,-0.0314,-0.0196,-0.0259,7.8317,8.5011,7.187,3.7547,-3.8413,-9.631,-9.22,-1.3668,-8.1702,-4.0834,3.7458,9.3253,1.2144,-7.4315,2.0
0.2627,-0.0105,0.0158,-0.029,3.8994,4.3877,3.6388,1.8479,-2.0204,-4.9253,-4.7079,-0.6057,-4.3392,-2.0366,1.8662,4.7153,0.5085,-4.0671,2.0
0.367,0.049,0.145,0.2975,1.8634,2.0441,1.5607,0.8157,-1.074,-2.389,-2.1189,-0.2623,-2.2668,-1.0871,0.9213,1.9513,0.2298,-1.8649,2.0
0.4768,-0.0388,0.0007,0.0359,4.1979,4.6056,3.7992,1.9387,-2.1228,-5.1899,-5.0318,-0.7664,-4.5479,-2.2575,1.9003,5.0331,0.4787,-4.1015,2.0
1.3555,-0.0129,0.0796,0.1171,11.3536,12.5638,10.6114,5.6042,-5.4116,-13.758,-13.2007,-1.874,-12.5089,-5.7859,5.463,13.2354,1.5983,-11.2931,2.0
0.3414,0.0805,-0.0015,0.311,2.5696,2.7608,2.3193,1.1668,-1.3842,-3.0756,-2.8971,-0.3484,-2.8709,-1.4903,1.0248,2.6931,0.175,-2.5455,2.0
0.6952,-0.031,0.0306,0.019,6.6656,7.1286,5.9415,3.0727,-3.3216,-8.0838,-7.8259,-1.0261,-7.0611,-3.4563,3.1466,7.8706,0.8719,-6.4268,2.0
0.3689,0.0376,0.1144,0.3009,1.7809,2.014,1.5599,0.886,-1.0116,-2.3855,-2.1792,-0.2844,-2.2904,-1.118,0.7819,1.9901,0.1546,-1.9232,2.0
0.5602,-0.0328,-0.0202,0.3021,3.6128,4.1282,3.404,1.8534,-2.0918,-4.6124,-4.3051,-0.7233,-4.435,-2.2177,1.8158,4.0222,0.662,-3.5436,2.0
0.8109,-0.0163,-0.0711,0.066,9.1517,9.9579,8.4741,4.5333,-4.8032,-11.1162,-10.7434,-1.5384,-9.642,-4.7756,4.6134,11.0533,1.4464,-8.9013,2.0
0.2365,0.0047,0.1074,0.1267,1.7076,2.0682,1.6967,0.7244,-0.9537,-2.1996,-2.092,-0.278,-2.1213,-1.0508,0.6548,1.9447,0.1901,-1.9449,2.0
1.4322,-0.0078,-0.0505,0.4047,9.8075,11.1929,9.5753,4.9111,-5.205,-12.9882,-11.3985,-1.3589,-11.1895,-5.0465,5.0934,12.165,1.6147,-10.1225,2.0
1.0706,-0.0907,0.1564,0.4185,6.5491,7.5095,6.57,3.3186,-3.4624,-8.4138,-7.9082,-1.0953,-7.63,-3.6508,3.708,7.976,1.2082,-6.6532,2.0
0.9569,-0.1015,-0.0106,-0.1761,5.334,6.1863,4.8816,2.824,0.3904,-7.1363,-6.8268,-1.2792,-6.14,-3.0604,-0.4731,6.8696,1.3038,-5.3047,2.0
0.7463,0.0698,-0.053,0.0711,6.5906,7.0886,5.8967,3.1172,-3.4634,-8.0203,-7.8124,-1.1199,-6.9777,-3.3413,3.1263,7.9485,1.077,-6.4394,2.0
5.8263,-5.09,-12.8749,-1.8991,10.182,11.4821,-0.0873,-0.193,-0.6175,-10.3161,-11.9311,-1.4409,-5.7916,4.9206,13.2443,11.8673,1.5739,-10.4439,3.0
1.0857,-0.9323,-2.5764,-0.4656,1.9944,2.1852,-0.2401,-0.3193,-0.2048,-2.1404,-2.6419,-0.4772,-0.946,0.9433,2.6776,2.3866,0.1989,-2.0275,3.0
5.5783,-5.1739,-13.4651,-2.216,10.6769,11.9597,-0.1644,-0.1646,-0.6562,-10.4775,-12.1867,-1.8041,-5.6714,5.0801,13.8187,12.4185,1.5179,-10.5672,3.0
4.0308,-2.7901,-2.5182,-2.5182,6.9718,8.1502,-0.2278,-0.1746,-7.3395,-7.3395,-8.8256,-1.5019,-3.9218,2.8984,9.6856,9.6856,1.7315,-6.8413,3.0
3.6869,-3.4282,-8.2995,-1.3191,6.4468,7.3988,-0.086,-0.143,-0.5698,-6.5923,-7.774,-1.0883,-3.5265,3.5003,8.5126,7.7295,1.1492,-6.5601,3.0
0.9919,-0.9031,-2.3444,-0.523,1.9005,2.1874,-0.2511,-0.1844,-0.212,-2.1401,-2.3847,-0.468,-1.0097,1.039,2.4761,2.5165,0.3042,-1.8557,3.0
3.9983,-3.6865,-9.0465,-1.1305,7.6181,8.4104,-0.1363,-0.0458,-0.3883,-7.9795,-8.7287,-1.4498,-3.9286,3.7916,9.1535,8.7956,0.6128,-7.4626,3.0
5.4884,-5.3313,-12.9406,-1.7172,10.5364,11.5935,-0.1828,-0.0331,-0.3374,-10.8609,-12.1175,-1.6846,-5.3971,5.3901,12.9997,12.2658,1.3383,-10.4782,3.0
3.2463,-3.0979,-5.7722,-1.5713,5.5171,6.3518,-0.256,-0.2406,-0.1455,-5.8248,-6.8117,-1.2681,-3.2133,3.1212,5.8525,7.2764,1.1628,-5.4979,3.0
2.1237,-1.8708,-5.0216,-1.0052,3.9594,4.5951,-0.2551,-0.2787,-0.3805,-4.1374,-4.7048,-0.6847,-1.981,1.8337,5.0171,4.8145,0.2801,-4.1407,3.0
3.3096,-3.2472,-7.7304,-0.9935,6.2202,7.0558,-0.118,-0.1748,-0.5362,-6.5194,-7.2978,-1.014,-3.2117,3.275,8.0438,7.2302,0.9472,-6.3558,3.0
5.4148,-2.0793,-4.1294,-4.1294,8.8633,10.8036,-0.1978,-0.1354,-9.4121,-9.4121,-11.9553,-2.2192,-5.3062,2.2049,13.1828,13.1828,2.9556,-8.8627,3.0
5.9037,-5.5715,-13.7933,-2.1948,10.7809,12.0687,-0.1729,-0.0856,-0.1822,-11.4266,-12.8006,-1.876,-5.7995,5.624,13.8725,13.405,1.7576,-10.5653,3.0
3.9464,-2.8932,-2.4216,-2.4216,6.9043,8.096,-0.2101,-0.1767,-7.3512,-7.3512,-8.8627,-1.4325,-3.855,2.9871,9.6902,9.6902,1.8768,-6.9206,3.0
3.2106,-3.1942,-7.8889,-0.9804,6.2615,7.1359,-0.2957,-0.1115,-0.3904,-6.711,-7.4648,-1.0431,-3.2439,3.2836,7.9089,7.3737,1.0173,-6.4332,3.0
3.4966,-3.0666,-7.5767,-1.2185,6.3083,7.1015,-0.1777,-0.0968,-0.3962,-6.5768,-7.4831,-1.0176,-3.444,3.1275,7.5952,7.542,0.8506,-6.4463,3.0
0.9574,-0.7776,-2.2697,-0.456,1.7844,2.1479,-0.3162,-0.2564,-0.2381,-2.1139,-2.3789,-0.5152,-0.9679,0.9094,2.3987,2.2918,0.1933,-2.0965,3.0
2.2665,-2.1493,-5.2172,-0.8203,4.2355,4.8755,-0.2279,-0.145,-0.507,-4.3778,-5.0093,-0.6618,-2.2675,2.2283,5.4984,5.0116,0.4493,-4.2413,3.0
2.0644,-1.7055,-5.0037,-0.8403,3.9688,4.3399,-0.2943,-0.1837,-0.1593,-4.2055,-4.8255,-0.7482,-2.0157,1.8836,5.1155,4.8893,0.5659,-4.0213,3.0
5.8195,-5.3028,-13.5945,-2.0998,10.8871,12.2871,-0.1382,0.0147,-0.3464,-11.3247,-12.8633,-1.7889,-5.6131,5.4301,13.6596,13.124,1.8122,-10.9203,3.0
0.9707,-0.8297,-2.0792,-0.5012,1.7918,2.0823,-0.251,-0.2673,-0.4684,-1.8115,-2.165,-0.4864,-0.9998,0.902,2.3977,2.231,0.1298,-1.823,3.0
1.8204,-1.4666,-4.2219,-0.7563,3.3788,3.9142,-0.2057,-0.2104,-0.3133,-3.6729,-3.9577,-0.6135,-1.6156,1.6465,4.2861,4.0413,0.1989,-3.586,3.0
3.648,-3.4054,-8.4008,-1.2563,6.9195,7.5945,-0.1076,-0.0862,-0.4491,-7.2054,-8.0379,-1.0784,-3.5164,3.4849,8.3625,8.1721,0.8986,-7.0936,3.0
4.3306,-4.2003,-10.6618,-1.6177,8.3055,9.0997,-0.179,-0.1568,-0.251,-8.9424,-9.9045,-1.3882,-4.2223,4.2415,10.5987,10.35,1.3428,-8.1498,3.0
5.7164,-5.1891,-12.9417,-2.1553,10.6703,11.8482,-0.1634,0.0156,-0.4431,-10.8902,-12.464,-1.6471,-5.6379,5.4386,13.1451,12.4777,1.6267,-10.6008,3.0
3.1134,-2.7187,-7.1075,-1.0215,5.789,6.4595,-0.2205,-0.1141,-0.2782,-5.975,-6.6613,-0.8131,-3.0192,2.8115,7.2322,6.7847,0.7801,-6.0706,3.0
1.9451,-1.9902,-5.0326,-0.841,4.0231,4.6053,-0.3398,-0.2271,-0.3622,-4.1873,-4.5785,-0.7857,-2.0217,2.0336,5.0189,4.7482,0.4584,-4.0963,3.0
5.2055,-5.218,-12.1951,-1.8786,9.8571,11.0233,-0.1697,-0.0586,-0.4328,-10.316,-11.5055,-1.5641,-5.0922,5.3225,12.278,11.7578,1.3197,-9.9022,3.0
3.4669,-3.3741,-5.8951,-1.7995,5.8937,6.893,-0.2445,-0.1893,-0.1565,-6.3504,-7.4349,-1.2962,-3.4474,3.4804,5.9874,7.9601,1.2824,-5.8551,3.0
3.4607,-2.9504,-7.8746,-1.0962,6.3768,7.1387,-0.2339,-0.1287,-0.4004,-6.6105,-7.3587,-1.0627,-3.4067,2.9669,7.8843,7.6025,0.8148,-6.4305,3.0
2.0329,-10.9945,-12.1918,-5.7811,5.6403,13.5726,10.9021,12.5594,1.521,-0.0245,-0.1358,-0.0614,-13.5333,-1.9527,10.5638,5.6221,-5.9431,-13.9598,4.0
1.7186,-10.2188,-11.4103,-5.5186,5.4517,12.8218,10.4868,11.8484,1.4993,-0.0186,-0.0226,-0.0821,-12.5607,-2.0148,9.8675,5.3437,-5.5123,-13.1754,4.0
1.1461,-7.5605,-8.3695,-3.9183,3.6116,9.0435,7.5762,8.5811,0.7484,-0.0072,-0.0619,0.0488,-9.1514,-1.43,7.5055,3.6523,-3.8662,-9.5487,4.0
0.5781,-3.6526,-4.0514,-1.986,1.5826,4.2268,3.5805,4.1157,0.4381,0.1109,0.0492,0.1704,-4.5481,-0.4976,3.5162,1.8033,-1.8479,-4.538,4.0
2.3595,-0.4317,-3.9176,-3.9176,4.2799,9.8972,7.0922,8.5835,-0.0287,-0.0287,-0.1235,-0.1971,-9.7396,-8.5001,3.8922,3.8922,-4.4867,-10.0318,4.0
0.481,-3.8672,-4.3096,-2.0661,1.6653,4.4896,3.8211,4.3871,0.4694,0.0399,-0.0035,0.0054,-4.6105,-0.6787,3.7519,1.8583,-1.9867,-4.7626,4.0
0.6594,-2.4983,-1.2931,-1.2931,1.2956,3.5309,2.7511,3.2828,-0.0826,-0.0826,-0.0734,-0.0742,-3.5397,-1.0737,1.1986,1.1986,-1.4103,-3.6797,4.0
0.1643,-1.8147,-2.0885,-1.1209,0.7854,2.0975,1.6572,2.0553,0.2929,-0.0491,0.0638,0.2761,-2.2626,-0.3048,1.702,0.7621,-1.085,-2.2983,4.0
1.9856,-11.0601,-12.2595,-5.5877,5.1141,13.3936,10.9054,12.4204,1.2552,-0.1261,-0.0765,0.115,-13.3653,-2.0673,10.8115,5.1836,-5.3052,-13.9961,4.0
0.8906,-4.0879,-4.8811,-2.5798,1.9822,4.9782,4.0726,4.8351,0.844,0.0454,-0.0469,0.3364,-5.1214,-0.8947,4.0258,2.4106,-2.2428,-5.3834,4.0
0.3255,-3.0611,-3.2993,-1.5887,1.3432,3.3317,2.8471,3.0874,0.3083,0.0421,0.0747,0.2929,-3.584,-0.4778,2.665,1.2981,-1.6257,-3.7364,4.0
0.7475,-5.3929,-6.1703,-3.0052,2.7973,6.2607,5.2912,6.0373,0.6852,-0.041,-0.0896,0.2533,-6.3262,-1.0021,5.1381,2.7504,-3.0899,-6.9081,4.0
1.0585,-0.9519,-2.0128,-2.0128,2.1438,5.2883,3.9441,4.8135,-0.0873,-0.0873,-0.0852,-0.1376,-5.1482,-4.0759,1.8945,1.8945,-2.2757,-5.4767,4.0
1.849,-10.3891,-11.7432,-5.8455,5.1366,12.8334,10.0621,11.8751,1.7428,-0.3242,-0.1847,0.3542,-12.2508,-1.8037,10.1114,5.3895,-5.5786,-13.7078,4.0
1.077,-7.4128,-8.3484,-3.9544,3.6811,9.2645,7.7522,8.6721,0.8021,0.0718,-0.0276,-0.0433,-9.0502,-1.4414,7.2482,3.8535,-3.8496,-9.5149,4.0
0.7791,-5.0926,-5.6562,-2.6459,2.3508,6.2224,5.2142,5.7809,0.6223,0.0392,0.0472,0.0273,-6.3614,-0.9941,4.9341,2.4108,-2.5469,-6.4831,4.0
0.7747,-5.0128,-5.4492,-2.6251,2.3053,6.1734,5.1212,5.5336,0.5824,0.0041,-0.0314,-0.0006,-6.0368,-0.9891,4.6206,2.4167,-2.6086,-6.3418,4.0
2.0959,-10.828,-12.3943,-5.8236,5.4302,13.4089,11.0952,12.4137,1.7362,0.0024,-0.0568,0.1507,-13.3501,-2.1533,10.4875,5.6442,-5.5677,-13.9581,4.0
1.2207,-6.4363,-7.1438,-3.5279,3.0881,7.6113,6.2691,7.2617,0.5647,0.0742,0.003,0.1105,-7.81,-1.1053,6.2112,3.3834,-3.2821,-8.081,4.0
1.2962,-7.8716,-8.8301,-4.3559,4.1778,9.5318,7.6748,8.7768,1.081,-0.0171,-0.0084,0.3311,-9.2738,-1.3761,7.6636,4.1679,-4.2648,-10.1589,4.0
0.3023,-2.9588,-3.2647,-1.5768,1.2628,3.6625,3.0018,3.3134,0.3381,-0.0633,0.0084,0.0019,-3.6853,-0.5655,2.7298,1.3313,-1.4872,-3.8815,4.0
0.1433,-1.9264,-2.1602,-1.0677,0.7671,2.1758,1.9686,2.2068,0.2137,-0.0153,0.0334,0.1032,-2.4491,-0.3566,1.8545,0.7385,-1.0706,-2.4602,4.0
1.6979,-10.9447,-12.1959,-5.7698,5.4172,13.5912,11.2743,12.5908,1.5263,-0.0771,-0.0857,-0.0604,-13.3525,-2.0347,10.5244,5.4895,-5.5976,-13.9316,4.0
1.0182,-6.4895,-7.1445,-3.3158,3.1004,7.7539,6.3794,7.1811,0.8575,0.102,-0.0398,-0.0576,-7.7526,-1.1316,6.0213,3.2462,-3.3577,-8.0911,4.0
0.667,-4.149,-4.6691,-2.3909,2.1159,4.7454,3.9332,4.456,0.604,-0.0302,-0.021,0.3073,-4.885,-0.6979,3.9783,2.1211,-2.389,-5.2235,4.0
0.4328,-3.2296,-3.4695,-1.7221,1.3498,3.5706,3.0394,3.398,0.3825,0.0817,0.0472,0.1136,-3.9673,-0.7091,3.1322,1.5617,-1.6793,-3.9035,4.0
1.1672,-7.5608,-8.4752,-4.0177,4.1703,9.0786,7.3879,8.3529,1.1335,0.0382,0.2338,0.3777,-8.905,-1.3122,7.3604,4.0306,-4.0344,-9.7242,4.0
1.7451,-10.6739,-12.0827,-5.7283,5.2438,13.0643,10.459,12.0078,1.578,0.0873,-0.0854,0.3317,-12.5589,-1.9382,10.4684,5.7974,-5.4493,-14.0178,4.0
3.5392,-6.4292,-5.9994,-5.9994,6.2924,14.262,10.2093,13.4883,-0.0483,-0.0483,-0.0447,-0.1713,-14.1733,-7.3517,5.9043,5.9043,-6.3792,-14.4263,4.0
0.2434,-1.8268,-2.0765,-1.0282,0.669,1.9706,1.7793,1.944,0.2359,0.0285,0.0227,0.1275,-2.1763,-0.3528,1.6676,0.8045,-1.106,-2.3383,4.0
0.764,-1.4701,2.2438,2.2438,5.5041,5.0661,3.7552,4.6141,-2.2054,-2.2054,-5.4709,-1.2422,-4.7475,-3.3822,-0.185,-0.185,-0.2423,-4.2032,5.0
0.3802,-3.2564,-1.6133,1.7345,4.2076,4.2491,3.4362,3.7649,1.8153,-1.6707,-4.2015,-0.6673,-4.2735,-0.7085,-0.194,-0.2085,-0.3544,-3.9031,5.0
0.4535,-4.0981,-2.0563,1.9796,5.0075,4.8301,4.1536,4.4023,2.2643,-1.9238,-4.9757,-0.7478,-4.7733,-0.5964,-0.1306,-0.1931,-0.3831,-4.3199,5.0
0.799,-0.2668,2.3028,2.3028,5.5613,5.1438,3.7381,4.3678,-2.3173,-2.3173,-5.4945,-1.3141,-4.8002,-4.2613,-0.2002,-0.2002,-0.2116,-4.1439,5.0
1.2664,-4.0664,3.6258,3.6258,8.5041,8.0725,5.8272,7.3553,-3.5733,-3.5733,-8.4569,-1.9222,-7.5553,-3.4273,-0.1619,-0.1619,-0.2338,-6.3143,5.0
1.3979,-7.2835,-4.1494,4.2208,9.6076,8.4991,7.169,8.2415,4.2322,-4.0616,-9.3431,-1.0363,-8.6671,-1.4397,-0.0755,-0.0035,-0.7529,-7.9295,5.0
0.5728,-4.0608,-2.1559,2.0828,5.2408,4.8988,3.9799,4.7128,2.3977,-2.0259,-5.1029,-0.8741,-4.9448,-0.7178,-0.1045,-0.1129,-0.5129,-4.2899,5.0
1.0556,-7.2528,-3.4957,3.4618,9.0838,8.1953,7.0502,7.9148,3.531,-3.5867,-8.7691,-1.4579,-8.2448,-1.1501,-0.1326,-0.1778,-0.5805,-7.306,5.0
0.5069,-4.0101,-2.1842,1.9238,5.1338,4.7277,4.0316,4.5333,2.1946,-2.079,-4.9217,-0.8584,-4.7628,-0.5844,-0.2038,-0.2655,-0.5302,-4.1768,5.0
1.4068,-8.518,-4.5011,4.2663,10.8422,10.1839,8.4783,9.4901,4.6853,-4.2273,-10.834,-1.6742,-10.2265,-1.2905,-0.0568,-0.0702,-0.3412,-9.0364,5.0
2.8521,-6.5743,6.5211,6.5211,14.4924,14.0574,9.8817,12.7242,-6.5056,-6.5056,-14.4394,-4.1994,-13.0258,-6.5512,-0.1006,-0.1006,-0.205,-10.4532,5.0
1.6464,-10.7841,-5.6576,5.4216,13.5119,13.1179,10.7818,12.1492,5.5773,-5.462,-13.5992,-2.0412,-12.9069,-1.7443,-0.1347,-0.0515,-0.3217,-11.5154,5.0
4.6311,4.6311,4.9711,4.9711,11.0597,10.6217,5.1757,5.1757,-4.8968,-4.8968,-10.9842,-3.3845,-10.0916,-10.0916,-0.1059,-0.1059,-0.2263,-7.5978,5.0
0.1341,-1.7189,-0.8322,0.9506,2.2962,2.1395,1.7425,2.0713,0.8083,-0.9031,-2.0701,-0.4558,-2.1718,-0.3272,-0.2695,-0.2894,-0.2604,-1.9804,5.0
0.1592,-1.793,-0.8664,0.9247,2.0908,2.2026,1.7117,2.0197,0.8829,-0.8445,-2.1079,-0.3552,-2.2628,-0.4254,-0.2822,-0.3089,-0.2707,-1.9429,5.0
1.0417,-6.2676,-3.423,3.2815,8.057,7.3258,6.1276,6.9945,3.4615,-3.4401,-7.75,-1.2409,-7.4527,-1.0278,-0.066,-0.1016,-0.5136,-6.5146,5.0
0.1124,-1.6751,-0.8939,1.0163,2.3252,2.2077,1.7442,2.0505,0.9348,-0.7459,-2.0379,-0.4,-2.1556,-0.4246,-0.1392,-0.1744,-0.4197,-1.8043,5.0
0.3127,-4.103,-2.198,1.963,4.9989,4.7667,4.0619,4.3218,2.1848,-1.9031,-4.9677,-0.781,-4.8452,-0.597,-0.2265,-0.1998,-0.3623,-4.3714,5.0
0.3762,-4.1235,-2.0063,2.0047,4.8738,4.8827,4.1498,4.4638,2.0543,-1.9183,-4.8907,-0.8968,-4.7552,-0.5914,-0.2393,-0.1868,-0.2991,-4.3289,5.0
0.8542,-6.2719,-3.0817,3.2198,8.0344,7.6612,6.1506,6.9689,3.1569,-3.182,-8.0609,-1.4457,-7.3571,-0.8393,-0.1968,-0.1822,-0.1428,-6.5845,5.0
1.5036,-10.9069,-5.9542,5.3318,13.6112,13.0393,10.8833,12.0521,6.0966,-5.3021,-13.7851,-1.9152,-12.8272,-1.6133,-0.0032,-0.087,-0.4342,-11.4805,5.0
1.0391,-7.4825,-3.7339,3.8158,9.3626,9.1032,7.2852,8.1929,3.8172,-3.8438,-9.5761,-1.725,-8.6949,-0.9553,-0.1784,-0.1647,-0.2191,-7.7102,5.0
0.4874,-4.2826,-2.1871,2.1965,5.3113,5.0429,4.2756,4.7236,2.2793,-2.1756,-5.1941,-0.8454,-5.1974,-0.6486,-0.1687,-0.1825,-0.3586,-4.4945,5.0
0.6118,-4.7503,-2.4024,2.4143,5.794,5.6683,4.7426,5.1432,2.5524,-2.3331,-5.7211,-0.8388,-5.6035,-0.7385,-0.2108,-0.1371,-0.3666,-5.2113,5.0
0.3734,-0.9446,0.9675,0.9675,2.4213,2.2729,1.7166,2.143,-0.9919,-0.9919,-2.3278,-0.5868,-2.1843,-1.4612,-0.2307,-0.2307,-0.2327,-1.8796,5.0
1.2706,-7.3224,-3.9122,3.8701,9.5589,8.7271,7.0607,8.1817,4.0077,-3.9506,-9.235,-1.1793,-8.672,-1.2537,-0.095,-0.0841,-0.6304,-7.7275,5.0
1.158,-7.2801,-3.6985,3.8306,9.5484,8.6417,7.207,8.3143,3.886,-3.913,-9.2255,-1.4288,-8.7368,-1.2716,-0.04,-0.0976,-0.6437,-7.5479,5.0
1.2352,-5.7679,-6.338,3.5249,8.3426,7.9397,5.8178,6.8619,6.3587,-3.4856,-8.3605,-1.8658,-7.4939,-1.3253,-0.2939,-0.1874,-0.2287,-6.3621,5.0
1.5925,-10.811,-5.3501,5.8385,13.6385,12.9744,10.7995,12.098,5.4014,-5.8589,-13.6972,-2.3742,-12.828,-1.6686,-0.0573,-0.0083,-0.3391,-11.3672,5.0
0.3128,-1.8394,-1.3358,1.0984,2.7649,2.5585,1.8949,2.1272,1.3316,-1.0514,-2.666,-0.4713,-2.3834,-0.476,-0.1816,-0.2039,-0.2065,-2.126,5.0
-2.2419,-5.4902,-5.3214,-0.755,4.3022,2.1848,1.9473,5.1737,0.5434,-4.4451,-4.844,-2.4749,0.0697,0.0937,4.594,4.8915,0.3194,0.0607,6.0
-5.4546,-13.649,-12.9766,-2.1062,10.7851,5.6763,5.2008,13.1736,1.5945,-11.0116,-12.4773,-5.7218,-0.0594,0.1255,11.3232,12.6197,1.3047,0.0025,6.0
-4.4465,-8.9788,-1.79,-1.79,6.6783,3.8574,4.2553,8.8065,-7.0569,-7.0569,-8.2,-4.0304,-0.1102,-0.1535,8.6546,8.6546,1.3196,-0.079,6.0
-3.4395,-8.1203,-7.7111,-1.1105,6.1168,3.089,3.0402,7.5988,0.9704,-6.4446,-7.2854,-3.2495,-0.0575,0.0221,6.5851,7.3071,0.8166,0.04,6.0
-5.605,-13.0654,-12.6481,-2.0274,9.8553,5.2965,5.3873,12.8529,1.8799,-10.1643,-11.5483,-5.4427,-0.0001,-0.0642,10.6288,11.8159,1.6371,-0.0335,6.0
-1.5765,-3.6567,-3.5717,-0.5359,2.5944,1.2244,1.2953,3.3728,0.4477,-3.0062,-3.2195,-1.7652,0.0896,0.113,2.9921,3.2434,0.3213,-0.0453,6.0
-1.01,-2.368,-2.3989,-0.3467,1.5182,0.7985,0.8128,2.1711,2.0673,-1.7447,-2.0016,-0.9658,-0.1048,0.0012,0.1308,1.9898,0.2499,-0.0794,6.0
-4.0756,-9.7473,-8.8702,-1.2783,7.2182,4.0019,4.0887,8.8118,1.3527,-7.52,-8.5509,-4.2015,-0.0149,0.286,7.2176,8.4064,0.9937,0.0311,6.0
-5.0572,-12.5565,-11.77,-1.648,9.7062,5.2177,4.8823,12.0383,1.273,-10.1523,-11.4234,-5.445,-0.0644,0.1687,10.3906,11.4493,1.5334,-0.0776,6.0
-4.8093,-11.6392,-11.2617,-1.6702,8.7651,4.5655,4.6027,11.3882,1.5588,-9.1155,-10.2612,-4.7353,-0.0002,-0.0922,9.4151,10.2928,1.2531,0.0199,6.0
-3.8753,-9.3675,-8.5718,-1.2852,7.4134,3.8677,3.6794,8.8088,0.7861,-7.7363,-8.493,-4.0768,-0.0175,0.1441,7.7188,8.5281,0.8825,0.0013,6.0
-2.0999,-5.1657,-4.9923,-0.748,3.9152,1.9135,1.8545,4.9956,0.5899,-4.2457,-4.5288,-2.3034,0.0429,0.0297,4.2273,4.5561,0.4611,-0.0487,6.0
-2.3889,-5.4043,-5.1099,-1.0953,4.2346,2.3306,2.1177,4.8436,0.7841,-4.0571,-4.9916,-2.6739,-0.0237,0.2522,4.2745,4.934,0.7286,-0.0517,6.0
-1.0301,-2.3914,-2.2214,-0.4755,1.5969,0.7875,0.6919,1.9604,0.2134,-1.7776,-2.0201,-1.0066,0.1017,0.0373,1.849,1.9922,0.1858,0.1022,6.0
-3.3984,-7.8927,-7.4533,-1.2212,6.2452,3.115,3.2314,7.3718,1.0795,-6.4273,-7.2516,-3.5194,-0.0019,0.1281,6.1398,7.333,0.8182,-0.0768,6.0
-0.9872,-2.2874,-2.2333,-0.3765,1.6226,0.8538,0.6621,2.0308,0.1249,-1.7312,-2.0325,-1.0354,0.0428,0.1593,1.8872,2.012,0.1501,0.1067,6.0
-2.0629,-5.2208,-5.0558,-0.659,3.7856,1.9293,1.8392,4.9287,0.5547,-4.1498,-4.635,-2.204,0.0698,-0.022,4.149,4.6319,0.4492,-0.0125,6.0
-0.9105,-2.3205,-2.1955,-0.3863,1.6752,0.8026,0.6833,2.0174,0.2668,-1.8213,-1.9455,-1.0208,0.0212,0.0067,1.8059,2.0004,0.2585,-0.0228,6.0
-2.3713,-5.7369,-5.4083,-0.7421,4.4136,2.2031,2.1417,5.2717,0.3968,-4.7315,-5.1181,-2.5081,0.0133,0.1215,4.7567,5.1915,0.4039,0.0572,6.0
-1.3022,-3.3403,-3.1354,-0.4375,2.3902,1.1776,1.1842,3.1502,0.3293,-2.6573,-2.8876,-1.3599,-0.0116,-0.0592,2.5351,2.9073,0.2869,-0.0401,6.0
-2.2858,-4.7895,-0.8539,-0.8539,3.577,1.8894,2.1374,4.7324,-3.924,-3.924,-4.4204,-2.0729,-0.0711,-0.0867,4.5459,4.5459,0.5502,-0.0859,6.0
-3.3179,-7.8471,-7.3742,-1.1501,6.2313,3.1336,3.0173,7.3555,0.7286,-6.4423,-7.2854,-3.503,-0.0169,0.1381,6.3432,7.3369,0.711,-0.054,6.0
-2.3382,-4.0545,-0.8381,-0.8381,3.5787,1.8972,2.1186,3.9282,-3.9322,-3.9322,-4.3646,-2.0577,-0.1108,-0.1075,4.5681,4.5681,0.6155,-0.0804,6.0
0.5546,-3.9271,-1.9517,1.9658,5.0585,4.8702,3.8517,4.4595,2.0224,-1.9867,-5.0883,-0.8604,-4.7037,-0.6496,-0.2248,-0.2821,-0.2014,-4.1642,6.0
-3.1771,-4.4916,-1.2379,-1.2379,4.8399,2.6188,3.035,4.3399,-5.235,-5.235,-5.8413,-2.7132,-0.092,-0.1027,6.2561,6.2561,0.7817,-0.0591,6.0
-3.4702,-8.2793,-7.989,-1.0795,6.2483,3.1874,3.2531,8.0651,1.1286,-6.5208,-7.2919,-3.4102,0.0366,-0.0103,6.6487,7.3311,0.9395,0.0188,6.0
-3.3318,-8.262,-7.9106,-1.1853,6.4383,3.1036,3.1351,7.8373,1.0609,-6.6252,-7.4119,-3.3347,0.0174,0.0651,6.7209,7.5651,0.9221,0.0088,6.0
-2.069,-5.1574,-4.6488,-0.7308,3.8162,1.9081,1.8494,4.5816,0.5522,-3.9164,-4.4624,-2.1134,-0.003,0.3075,3.9456,4.4251,0.4906,0.0571,6.0
-3.6931,-7.9138,-1.3965,-1.3965,5.6594,3.2482,3.529,7.7762,-6.1463,-6.1463,-6.9419,-3.3397,-0.0841,-0.1536,7.1913,7.1913,1.0517,-0.018,6.0
-1.0463,-2.3765,-2.063,-0.3922,1.5539,0.8794,0.69,1.9033,0.2624,-1.8088,-2.2632,-1.0774,-0.0051,0.2743,1.8685,2.0261,0.539,0.0798,6.0
